d	phi	F(0)	F(1)	F(2)	F(3)	F(4)	F(5)	F(6)	F(7)	F(8)	F(9)
1	1.61803	1	2	3	5	8	13	21	34	55	89
2	1.83929	1	1	3	5	9	17	31	57	105	193
3	1.92756	1	1	1	4	7	13	25	49	94	181
4	1.96595	1	1	1	1	5	9	17	33	65	129
5	1.98358	1	1	1	1	1	6	11	21	41	81
6	1.99198	1	1	1	1	1	1	7	13	25	49
